customer_id,first_name,last_name,email,created_at
1,Michael,Wise,emorales@hotmail.com,12/16/2024 22:26
2,Nicole,Robbins,cruztaylor@gmail.com,10/5/2024 20:47
3,William,Acevedo,cheryl91@huffman.com,7/14/2024 15:25
4,Kayla,Booth,dalton63@miller-young.net,11/24/2023 1:15
5,Angelica,Cole,katie50@lewis.net,12/27/2023 15:30
6,John,Lee,lisavargas@stewart.info,10/16/2024 22:41
7,Wyatt,Singh,jameshooper@reed.com,5/20/2023 1:11
8,Rita,Johnson,caroline01@yahoo.com,9/23/2023 14:08
9,Robin,Brown,jacquelinehamilton@carter.com,1/12/2024 20:23
10,Erik,Burton,shane84@brewer-harrison.com,8/26/2024 11:57
11,Chelsea,Yang,williamdelacruz@robinson.net,1/5/2025 0:01
12,Julie,Hartman,melindaobrien@dyer.net,1/14/2025 21:18
13,Anthony,Wilson,joseph92@jones.com,8/20/2024 1:51
14,Adam,Mccormick,kelsey07@gmail.com,10/15/2024 8:23
15,John,Norris,susan40@gonzalez-proctor.com,4/13/2024 20:22
16,Valerie,Taylor,ericmiller@hotmail.com,8/29/2024 3:59
17,Wendy,Fleming,earl17@ruiz.com,12/1/2023 9:50
18,Timothy,Novak,glevine@hampton-jones.com,3/12/2025 17:19
19,Deborah,Simpson,lisahill@gmail.com,7/17/2023 5:43
20,Virginia,Weeks,todd37@campbell.biz,12/4/2023 2:13
21,Michael,Martinez,qhammond@bernard.com,9/17/2024 0:24
22,Stacy,Guzman,amiller@hotmail.com,9/9/2023 1:04
23,Anthony,Little,ilong@gmail.com,4/7/2025 1:02
24,Joe,Chang,dominiqueevans@powell.org,10/18/2023 17:50
25,Leonard,Ryan,davidmartinez@hotmail.com,12/14/2023 16:37
26,Diana,Schroeder,msanchez@gmail.com,10/26/2024 18:18
27,Brandon,Lynch,tina10@garner.net,6/26/2024 11:32
28,Matthew,Hill,dyeramber@hotmail.com,2/16/2025 18:58
29,Jordan,Williams,vmoody@scott.com,10/5/2024 18:57
30,Crystal,Brown,allisoncamacho@lozano.com,1/13/2024 14:36
31,Stephanie,Cruz,ilawrence@pearson.net,7/12/2023 2:59
32,Rachel,Williams,nicholas12@gmail.com,5/7/2024 18:38
33,Jamie,Wright,sherryking@yahoo.com,12/30/2023 13:04
34,Monica,Bennett,fjones@yahoo.com,5/14/2025 13:01
35,Carolyn,Jordan,kingsteven@robinson.com,12/14/2023 4:36
36,Brian,Valencia,raymondmorales@yahoo.com,7/14/2024 7:30
37,Gilbert,Armstrong,hallkrista@romero.com,10/11/2023 0:53
38,Lindsay,Walker,johnnywilliams@edwards.com,10/25/2024 17:11
39,Helen,Grant,nicholaskennedy@flores.com,4/14/2025 23:41
40,Jennifer,Hunter,brettmolina@gmail.com,6/7/2024 4:45
41,Sara,Wiggins,scottperez@yahoo.com,11/17/2024 12:25
42,Julie,Higgins,grichardson@wilson.net,12/27/2024 6:32
43,Sophia,Madden,cforbes@fowler.com,6/28/2024 22:19
44,Donald,Mercer,greenjessica@gmail.com,11/6/2023 10:07
45,Cathy,Madden,kelsey58@miller.biz,9/15/2024 1:31
46,Jennifer,Medina,melissamiller@burke-johnson.com,10/15/2024 5:56
47,Christopher,Bailey,emilyjohnson@yahoo.com,3/22/2025 10:21
48,Robert,Sullivan,russellcaroline@coleman.org,8/13/2023 12:01
49,Patricia,Ramirez,fordmegan@yahoo.com,6/19/2023 5:41
50,Brian,Walter,fernandezclarence@yahoo.com,11/11/2023 5:36
51,Kevin,Mooney,ichan@yahoo.com,7/12/2024 21:53
52,Dustin,Anthony,gonzalezjasmine@hotmail.com,8/12/2023 4:49
53,Kevin,Kim,elizabethfranco@hotmail.com,7/6/2023 0:37
54,Frank,Hudson,dawnfinley@gmail.com,10/3/2024 8:36
55,Brian,Reyes,kathymayer@schmidt-hawkins.com,2/15/2025 15:28
56,Amanda,Martinez,tbarnes@johnson.com,5/19/2024 14:30
57,Melinda,Collins,conwayamanda@barnes-romero.net,11/15/2024 6:58
58,Erin,Brown,tylerfowler@henry.org,7/8/2024 18:21
59,Sergio,Bennett,jenniferdavila@yahoo.com,7/28/2024 23:16
60,Charles,Campbell,darrell61@yahoo.com,4/30/2025 7:25
61,Kathryn,Giles,perkinsvictoria@gmail.com,1/22/2025 3:10
62,Kimberly,Bridges,uknox@cooper.biz,5/18/2025 4:20
63,James,Sanders,garnerjoseph@ortiz.com,3/2/2025 3:52
64,Jose,Torres,browntina@hotmail.com,12/25/2023 20:53
65,David,Allen,barnettjeremy@hotmail.com,11/25/2023 11:30
66,Tyler,Warren,nlucas@yahoo.com,2/21/2025 20:41
67,Christopher,Elliott,mlevine@hotmail.com,4/21/2025 13:54
68,Tyrone,Mason,justingonzalez@hotmail.com,7/28/2024 2:53
69,Joseph,Wilson,betty17@russo.com,2/17/2025 23:25
70,Caroline,Brown,fowlerderek@yahoo.com,6/9/2024 17:44
71,Kari,West,jonathon37@mitchell.net,2/7/2025 5:51
72,James,Morris,theodoremartin@lucero.com,1/24/2025 18:32
73,Michael,Gilbert,shannon32@gmail.com,3/26/2025 20:25
74,Benjamin,Bryant,brownchristine@yahoo.com,2/12/2025 9:41
75,John,Harvey,fletcherbrandon@morgan-rogers.com,6/24/2024 23:03
76,Lauren,Sanchez,thomas80@yahoo.com,8/1/2023 2:08
77,Richard,Martinez,fphillips@manning.net,1/14/2025 22:23
78,Ian,Phillips,kylecastro@hotmail.com,2/22/2024 1:50
79,Kiara,Mcclain,juanshah@yahoo.com,2/17/2025 1:28
80,Joanna,Brown,nholland@hotmail.com,11/20/2024 22:22
81,Robert,Cunningham,tammy47@hotmail.com,10/4/2023 23:03
82,Marissa,Cardenas,cray@moore-avila.biz,10/22/2023 9:23
83,Sara,Hughes,carolynreyes@clark.com,7/13/2023 8:56
84,Joshua,Barnett,joshua24@bradley.com,7/23/2023 5:33
85,Kevin,Macias,mcdanielsierra@kennedy-carpenter.biz,8/17/2023 14:53
86,Larry,Freeman,jasonrich@johnson.net,11/19/2023 13:32
87,Michelle,Johnston,afoster@gmail.com,6/3/2023 0:37
88,Stacey,Fuller,clewis@mcintyre-whitaker.biz,8/19/2024 16:53
89,Jennifer,Johnson,fernandeztina@hotmail.com,1/11/2025 22:48
90,Heather,Carter,amber94@paul-ryan.com,7/21/2023 8:38
91,Cody,Morris,zacharybruce@hotmail.com,8/10/2023 3:43
92,Shelby,Cross,walterslaura@hotmail.com,8/18/2023 22:38
93,Amanda,Mora,sydneyroberts@cole-buck.info,5/2/2024 21:15
94,Sarah,Rios,bsingleton@jones-bonilla.org,11/5/2023 12:51
95,Marie,Sanchez,brian01@bright-kirby.com,1/3/2025 5:17
96,Jonathon,Becker,kmedina@ruiz.info,11/10/2024 18:40
97,David,Schultz,robinsonscott@yahoo.com,11/30/2024 10:55
98,Christina,Mitchell,jimenezmaria@roy-lewis.biz,10/22/2023 20:56
99,William,Williamson,josephwiggins@gmail.com,10/1/2023 16:31
100,Jacqueline,Casey,rowematthew@yahoo.com,2/23/2024 22:45
101,William,Murphy,marvinhood@lyons.com,12/26/2024 10:27
102,William,Pierce,whitekyle@hotmail.com,7/16/2024 12:12
103,Zachary,Wood,dnorris@gmail.com,3/29/2025 11:40
104,Misty,Diaz,megan31@mendez.com,12/27/2024 22:53
105,Destiny,Buckley,chale@jacobs.com,6/3/2024 20:29
106,Stephanie,Gray,kellymorgan@yahoo.com,8/2/2024 12:54
107,Heather,Garner,todd36@davis.com,9/20/2024 14:49
108,Carlos,Cooper,kdalton@joyce.com,1/8/2025 22:02
109,Tanya,Brown,qjackson@smith.com,8/23/2024 22:08
110,Samuel,Barrett,michaelwilliams@cochran.biz,4/16/2024 6:55
111,Michele,Harmon,msmith@howard.com,8/4/2024 19:03
112,Michael,Mcneil,stephaniegallagher@yahoo.com,10/20/2023 18:40
113,Lisa,Terrell,lucasgonzalez@gmail.com,5/6/2025 14:40
114,Richard,Short,jacob94@hotmail.com,11/5/2024 16:46
115,Michelle,Clark,haydenpaul@anderson.com,7/22/2024 2:55
116,Jonathan,Williams,arnoldbill@hotmail.com,9/28/2024 14:05
117,James,Mccormick,carterkristina@yahoo.com,10/30/2024 15:24
118,Tony,Moran,lbailey@hotmail.com,3/20/2025 8:55
119,Cheryl,Neal,bucksarah@yahoo.com,4/9/2025 7:17
120,Evan,Wilson,maymark@yahoo.com,7/20/2023 11:24
121,John,Weaver,william00@stone-caldwell.org,8/11/2024 1:26
122,Teresa,Cooper,dalton17@foster.com,9/1/2024 15:38
123,Jennifer,Figueroa,stephanierosales@robinson-brown.com,4/26/2025 5:48
124,Victoria,Rich,bradley56@gibbs-hunt.org,11/9/2023 20:09
125,Debra,Simpson,williamjennings@gmail.com,1/7/2025 1:30
126,Richard,Rodriguez,mason50@yahoo.com,11/23/2024 6:29
127,Jason,Wong,emacdonald@perez.org,2/3/2024 6:38
128,Andre,Vasquez,heatherward@gmail.com,6/27/2024 18:47
129,Mike,York,aprilmitchell@wells.com,7/18/2024 20:25
130,Stephanie,Owens,grahamdaniel@hotmail.com,4/18/2024 6:56
131,Arthur,Yu,asullivan@hotmail.com,8/12/2024 8:30
132,James,Rodriguez,kevin17@zavala.com,3/10/2024 5:33
133,Joel,Burnett,mcarter@yahoo.com,8/22/2023 18:56
134,Justin,Harris,costaalicia@berger.info,9/12/2023 11:09
135,Crystal,Church,warrenanna@bailey.info,7/17/2023 23:34
136,Katherine,Lewis,jennifercochran@banks.com,3/26/2024 13:46
137,Kimberly,Evans,tylerjackson@gmail.com,4/8/2024 22:16
138,John,Hickman,nbrown@mcpherson-perez.com,4/15/2024 5:47
139,Alexandra,Green,brookekirk@hinton-gordon.info,8/12/2024 2:44
140,Kerri,Morrison,xmills@yahoo.com,1/3/2025 20:10
141,Jason,Hill,qconner@lee.org,7/4/2023 9:39
142,Melanie,Baker,jamesellison@hotmail.com,6/5/2023 18:33
143,Nicholas,Simpson,sethhernandez@yahoo.com,5/3/2025 13:34
144,Jeremy,Norris,michelle92@hotmail.com,5/18/2025 2:05
145,Breanna,Ferguson,katherinebooth@hotmail.com,2/6/2025 2:48
146,Michele,Holder,garciavanessa@avery-rhodes.com,9/24/2024 11:52
147,Deborah,Brown,jillmathis@hotmail.com,1/16/2024 13:55
148,Brian,Graves,rpowers@gmail.com,5/3/2025 6:16
149,Victoria,Martin,zacharyjohnson@hotmail.com,12/5/2024 9:43
150,Adam,Burton,henrykelsey@yahoo.com,10/9/2024 22:17
